name,price in  â‚¬
Saucony Endorphin Speed 3 Northern Soul,170.00
Le Coq Sportif LCS T1000,110.00
Nike Air Force 1 '07,150.00
New Balance 550,160.00
New Balance 550,160.00
New Balance 730,190.00
New Balance 725V1,130.00
New Balance 550,160.00
New Balance 725V1,130.00
Saucony Shadow 6000,160.00
Saucony Shadow 5000 Patchwork,140.00
New Balance 990v2 Made in USA,230.00
New Balance 991 Made in UK,230.00
New Balance RC30,130.00
New Balance RC30,130.00
New Balance 20002R,150.00
New Balance 327,130.00
New Balance 327,130.00
Puma Slipstream Lo MCM,500.00
New Balance 993 Core,240.00
Nike Air Max 1,170.00
Saucony Shadow 6000 Kintsugi,170.00
New Balance 2002R,150.00
New Balance 2002R,150.00
Le Coq Sportif R1100 Nineties,100.00
Le Coq Sportif R1100 Nineties,100.00
Le Coq Sportif R1100 Nineties,100.00
Le Coq Sportif R1100 Nineties,100.00
New Balance 2002R,160.00
ON Cloudultra,190.00
New Balance 2002R Protection Pack,170.00
Veja Campo Suede,130.00
Le Coq Sportif R1000 Nineties,120.00
Le Coq Sportif R1000 Nineties,120.00
Le Coq Sportif R1000 Nineties,120.00
Saucony Shadow 6000 Creek,170.00
Nike Zoom Lebron 3,185.00
New Balance 990v2,220.00
Saucony Shadow 5000,140.00
Nike Air Max Plus,200.00
New Balance 991,230.00
ON Cloudmonster,170.00
New Balance 327,120.00
New Balance 237 V1,100.00
Mizuno Wave Mujin TL GTX,180.00
Saucony Diet Starts Monday Endorphin Pro,220.00
VEJA V-15 Suede,150.00
VEJA Rio Branco Alveomesh,130.00
VEJA V-10 B-Mesh,140.00
VEJA V-10 CWL,150.00
VEJA V-10 Suede,140.00
Nike Air Force 1 High OG QS,130.00
Air Jordan 1 Element,180.00
New Balance 990 V1,210.00
New Balance 990 V3,240.00
Air Jordan 1 Element,180.00
Nike Air Jordan 5,190.00
Converse Chuck 70 C G GTX Hi,120.00
Converse One Star Pro OX Rapid,80.00
Puma RX 737 Echo Summit,120.00
Nike Air Force 1 Low Retro QS,150.00
Mizuno Wave Prophecy LS,240.00
Puma Slipstream Lo Retro,110.00
Mizuno Wave Mujin TL,170.00
Saucony Shadow 5000,120.00
New Balance 57/40,120.00
ON The Roger Clubhouse,160.00
ON The Roger Clubhouse,160.00
Saucony Shadow 6000 Trail,160.00
Saucony Shadow 6000 Earth Pack,150.00
On Cloudswift,160.00
New Balance 550,140.00
New Balance 991,230.00
Saucony Shadow 6000,150.00
Converse One Star OX,80.00
Converse Chuck 70 Much Love,90.00
Le Coq Sportif LCS R800 X Sneakers 76,150.00
Saucony Shadow 6000,140.00
Converse Chuck 70 OX x Golf Wang,90.00
New Balance 550,140.00
Nike Air Force 1 Mid,140.00
New Balance 991,250.00
Nike Air Pegasus 83 Prm,100.00
New Balance 327,120.00
New Balance 327,120.00
New Balance 327,120.00
Converse x Barriers Pro Leather Hi,100.00
Converse x Barriers Chuck 70 Hi,100.00
Karhu Legacy 96 X Hanon,150.00
Converse Aeon Active CX OX,120.00
Le Coq Sportif R1100 Tricolor,100.00
Le Coq Sportif R1100 Colors,110.00
Le Coq Sportif R1100 Colors,100.00
Le Coq Sportif R850 Street Craft,100.00
Le Coq Sportif R850 Tricolor,100.00
Le Coq Sportif Street Craft,100.00
Le Coq Sportif R850 OG,100.00
Nike Air Force 1 '07 LV8,120.00
ON Cloudnova Z5,190.00
Mizuno Wave Mujin TL,170.00
Nike Air Max 97,190.00
New Balance 1400,200.00
Converse Aeon Active CX OX,100.00
Converse Aeon Active CX OX,100.00
Converse Chuck 70 Hi,90.00
Converse Aeon Active CX OX,100.00
Saucony Endorphin Speed 2,170.00
On Cloud 5 Push,150.00
On Cloud 5 Push,150.00
New Balance 327,110.00
"Puma Blaze Of Glory ""Reverse Classic""",130.00
"Puma Blaze Of Glory ""Reverse Classic""",130.00
Nike ACG Air Deschutz+ SE,75.00
Nike ACG Air Mada,130.00
Nike ACG Lowcate,110.00
Nike ACG Lowcate,110.00
Nike ACG Lowcate,110.00
Nike Air Force 1 Mid QS,150.00
Nike Air Force 1 Mid,150.00
Diadora N9002 Overland,89.00
Diadora N9002 Overland,130.00
Nike Lebron 9 Low,190.00
Nike Blazer Mid '77 Vintage,100.00
Converse X Wolf Gang Chuck 70 OX,100.00
Converse X Wolf Gang Chuck 70 OX,100.00
Converse X Joshua Vides Weapon CX Hi,110.00
Converse X Joshua Vides Pro Leather OX,90.00
Converse X Joshua Vides Chuck 70 Hi,100.00
Nike Air Max 90 SE,140.00
Nike Air Max 90,150.00
Jordan Delta 2 SE,140.00
Nike Air Force 1 '07,140.00
Nike Air Max Pre-Day,140.00
Converse X Come Tees Chuck 70,120.00
Filling Pieces Summit Loafer Black,450.00
Filling Pieces Mondo Mix Brown,220.00
Filling Pieces Mondo Lux White,240.00
Filling Pieces Loafer Polido Black,350.00
Filling Pieces Mondo 2.0 Ripple Nubuck Shark,200.00
New Balance 920,220.00
New Balance 990 V3,220.00
New Balance 990 V3,220.00
New Balance 990 V3,220.00
Nike Air Max 90,140.00
ON Cloudnova Z5,190.00
ON CLoudstratus,180.00
ON The Roger Clubhouse,160.00
Nike Air Force 1 Boot,190.00
Timberland X BeeLine 6INCH Boot,240.00
Timberland X BeeLine 6INCH Boot,240.00
Timberland X BeeLine 6INCH Boot,240.00
Veja Nova HT,95.00
Asics UB4S Gel 1130,120.00
Asics Gel Lyte III,130.00
Asics Gel Lyte III,140.00
Asics Gel Sonoma 15-50,120.00
Asics Gel 1090 V2,120.00
Nike Blazer Mid '77 Prm,110.00
Nike ACG Mountainfly Low SE,160.00
Nike Air Max 95,190.00
Nike Air More Uptempo '96,180.00
Nike Air Force 1 '07,130.00
Nike ACG Lowcate,120.00
Nike Air Trainer 1,130.00
Nike ACG Air Mada,140.00
Nike ACG Air Mada,140.00
Nike ACG Deschutz+,80.00
Nike ACG Deschutz+,80.00
Nike ACG Deschutz+,80.00
Nike Air Kukini,130.00
Nike Air Force 1 '07,140.00
Nike Air Force 1 '07 LV8 EMB,140.00
Nike Air More Uptempo '96,180.00
Nike Air Max 97 Prm,190.00
Nike Air Force 1 '07 LV8 EMB,140.00
Nike Air More Uptempo '96,180.00
Puma Suede VTG HS Butter Goods,120.00
Puma Slipstream Lo SD Butter Goods,130.00
New Balance 990v3,230.00
Puma Blaze Of Glory Retro,120.00
Puma Blaze Of Glory Retro,130.00
Puma Blaze Of Glory D.Sou,150.00
Puma Slipstream INVDR,100.00
Puma Slipstream Lo Retro,100.00
Puma Slipstream Lo Retro,100.00
Puma Slipstreaam Lo Retro,100.00
Puma Blaze Of Glory Prm,140.00
Puma Blaze Of Glory Prm,140.00
Puma Blaze Of Glory Prm,140.00
Puma Slipstream INVDR,89.00
Puma TRC Blaze Court Black Fives,120.00
Nike Air Pegasus 83 Premium,100.00
New Balance 991,220.00
New Balance 990 V5 Vegan,220.00
New Balance 990,200.00
Saucony Shadow 6000 X Extra Butter,170.00
New Balance 991,200.00
New Balance 992,250.00
Diadora N9000 IT Cime Di Rapa,240.00
Diadora Eclipse IT Radicchio,230.00
Converse Chuck 70 Hi,100.00
Converse One Star OX,90.00
Converse Jack Purcell Vantage Crush OX,90.00
Converse Chuck 70 Hi,85.00
Converse Pro Leather OX,90.00
Converse Chuck 70 Hi,95.00
Adidas Forum 84 Low,120.00
Adidas Forum 84 Low,120.00
Adidas Terrex Voyager 21,90.00
Adidas Terrex Voyager 21,90.00
Adidas NMD V3,140.00
Adidas NMD V3,140.00
Adidas ZX 22 Boost,110.00
Adidas 4D Futurecraft,220.00
Autry 01 Low,155.00
Autry 01 Low,155.00
Autry 01 Low,160.00
Autry 01 Low,170.00
Autry 01 Low,170.00
Autry 01 Low,190.00
New Balance 577,170.00
Karhu Fusion 2.0,145.00
Karhu Fusion 2.0,145.00
Karhu Fusion 2.0,145.00
Karhu Fusion 2.0,145.00
Karhu Aria,140.00
Timberland Vibram Lux 6 Inch WP,250.00
Diadora X Hasbro N9000 Trivial Pursuit,190.00
Diadora X Hasbro Eclipse Cluedo,180.00
New Balance 920,220.00
New Balance 990,220.00
Timberland X ALIFE 7.5 INCH Boots,240.00
Timberland X ALIFE 7.5 INCH Boots,240.00
Nike Air Presto x Hello Kitty QS,135.00
Nike ACG Mountain Fly Low GTX SE,180.00
Nike ACG Mountain Fly Low GTX SE,180.00
Nike ACG Air Mada,145.00
Nike Air Trainer 1 SP,150.00
Nike ACG Mountain Fly Low GTX SE,180.00
Nike ACG Air Mada,145.00
Nike Lebron IX,250.00
Nike Air Huarache LE,130.00
Nike Air Max 95,170.00
New Balance 327,110.00
New Balance 991,230.00
New Balance 480,90.00
Saucony Shadow 6000 Sweet Street Licorice,150.00
New Balance 990 V2,220.00
Nike Air Force 1 '07 LV8,130.00
Saucony Shadow 6000,150.00
New Balance 5740,100.00
New Balance 5740,100.00
New Balance 5740,100.00
New Balance XC-72,120.00
Nike Air Max Max 97 BN 2,150.00
Nike Air Max 97,180.00
Nike Air Max 95 Essential,170.00
Nike Air More Uptempo '96,180.00
Nike Blazer Mid '77 Premium Vintage,110.00
Nike Air Force 1 '07 LV8 NN,140.00
Nike Air Max 95,180.00
Nike Air Max 1,160.00
Nike Air Max 95 SE,180.00
Nike Air Kukini SE,130.00
Nike Air Kukini SE,135.00
Nike Dunk Low LX,110.00
Nike Air Max Plus 3,190.00
Nike Free Terra Vista Next Nature,125.00
Nike Free Terra Vista Next Nature,130.00
Nike Air Force 1 Low Retro,150.00
Nike Air Force 1 React,130.00
Nike Air Trainer 1,130.00
Nike Air Trainer 1,130.00
Nike Air Force 1 '07 Fresh,140.00
Nike Air Max 97,180.00
Nike Air Force 1 PLT.AF.ORM,120.00
Nike Air Kukini,140.00
Nike Offline 3.0,105.00
Nike Offline 3.0,105.00
Nike Air Flight Lite Mid,125.00
Nike Blazer Mid '77 Jumbo,110.00
Nike Air Huarache,120.00
Nike Air Force 1 '07 LX,130.00
Nike Blazer Low 77 Jumbo,95.00
New Balance XC-72,130.00
New Balance 991,190.00
Diadora N9002 Overland,130.00
Diadora N9002 Overland,130.00
Diadora N9002 Overland,130.00
New Balance 920 Sand,220.00
Nike ACG Mountain Fly GTX,220.00
Nike Air Force 1 Mid QS,140.00
Nike Air Force 1 Mid QS,140.00
Nike Air Force 1 '07 QS UNO,140.00
Nike BE-DO-WIN SP,130.00
Nike BE-DO-WIN SP,130.00
Nike ACG Air Mowabb,170.00
Nike ACG Air Mowabb,170.00
Nike Air Max 90 NRG,150.00
Nike Air Max 90 NRG,150.00
Nike Lebron IX,200.00
Diadora S8000 Overland,130.00
Diadora S8000 Overland,130.00
Adidas Oznova,110.00
VEJA Condor 2,145.00
New Balance Casablanca XC72,150.00
Converse Gentle Tech Run Star Veloz,130.00
Havaianas Top X BAPE,60.00
Nike ZooMX Vaporfly Next % 2,250.00
Nike Air Vapormax 2021 FK,220.00
Air Jordan 1 Mid,150.00
Nike Air Vapormax 2021 FK,220.00
Nike Air Max 90,140.00
Puma X Butter Goods Basket VTG,130.00
Puma X Butter Goods Basket VTG,130.00
Adidas Retropy P9,160.00
"Karhu Trampas ""Friendship Pack""",120.00
Havaianas Top X BAPE,60.00
Havaianas Trado Zori X BAPE,100.00
Havaianas Trado Zori X BAPE,100.00
New Balance 577,180.00
Filling Pieces Mondo Crepe Brown,240.00
Filling Pieces Mondo Crepe Off White,240.00
Filling Pieces Mondo Bianco Perforated,220.00
Nike Air Max 90 QS Laser,200.00
Autry Super Vintage Low,225.00
Puma Suede Vintage MIJ Retro,180.00
Puma Suede Vintage MIJ Retro,180.00
Puma Suede Vintage MIJ Retro,180.00
Converse x Space Jam: A New Legacy Chuck 70,120.00
New Balance 991,190.00
Karhu Aria 95,140.00
Karhu Fusion 2.0,150.00
Nike Blazer Low '77 Prm,100.00
Adidas Streetball II,140.00
Adidas Ultraboost Web DNA,170.00
Adidas Ultraboost Web DNA,170.00
Adidas Superstar Parley,110.00
Adidas Forum Mid,110.00
Adidas Forum 84 Hi,130.00
Nike Air Force 1 Mid QS,140.00
Nike Air Force 1 Mid QS,140.00
Nike Air Max 95 QS,180.00
Nike ACG Mountain Fly Low,180.00
Jordan Delta 2,130.00
Nike Air Max 97,180.00
Nike Offline Pack,120.00
Nike Offline 2.0,130.00
Nike Offline 2.0,130.00
Nike Air Force 1 Low Retro,150.00
Nike Blazer Mid '77,110.00
Nike Blazer Mid '77 Jumbo,120.00
Nike Blazer Mid '77 Jumbo,120.00
Nike Waffle One SE,100.00
Nike Air Max 95 SE,180.00
Nike Air Max BW,160.00
Nike Air Pegasus 83 Prm,100.00
Nike Air Vapormax 2021 FK,220.00
Nike Air Presto Mid Utility,150.00
Nike Air Presto,120.00
Nike Air Force 1 '07 LX,130.00
Nike Air Huarache LE,120.00
Nike Air Pegasus 83 Prm,100.00
Nike Air Max 97 SE,180.00
Nike Air Max 97 NH,180.00
Saucony Grid Web Fresh Rags,170.00
Nike Air Flight Lite Mid,120.00
Nike Air Force 1 '07 LV8,140.00
Nike Air Force 1 '07 LV8,130.00
Nike Air Max 96 2,170.00
Nike Air Max 90 Prm,150.00
Nike Air Vapormax 2021 FK,220.00
Nike Air Force 1 '07 LV8 EMB,130.00
Nike Air Force 1 '07 LV8,130.00
Nike Air Trainer 1,130.00
Nike Air Force 1 Low Retro,150.00
Nike Air Force 1 '07 LX,140.00
Nike Air Force 1 '07 LX,140.00
Le Coq Sportif R800 L'As Du Falafel,180.00
Diadora X PATTA N9000 Game On,190.00
Nike Air Max 97 SE,190.00
Nike Dunk Low Retro,150.00
Nike Air Max 2021 SE,170.00
Nike Air Max 96 II Premium,180.00
Nike Air Force 1 Mid NH 2,140.00
Nike Air Max 95 NH,180.00
Nike Dunk Low SE,110.00
Nike Air More Uptempo '96,160.00
Nike Air Zoom Flight 95,170.00
Nike Air More Uptempo '96,160.00
Nike NSW Free Remastered,120.00
Nike NSW Free Remastered,120.00
Nike Air Force 1 React,130.00
Nike Air Force 1 '07 Premium,130.00
Nike Air Force 1 '07 Premium,120.00
Nike Air Max 90 SE,150.00
Nike Air Vapormax 2021 FK SE,230.00
Nike Dunk Low NH,130.00
Nike Air Force 1 Mid NH,140.00
Nike Air Max 97 NH,180.00
Nike Air Max 97,180.00
Nike Air Huarache NH,120.00
Karhu Fusion 2.0 Lily White,140.00
Karhu Fusion 2.0 Mascot,140.00
Karhu Fusion 2.0 Blue Fog,140.00
Karhu Fusion 2.0 Rhododendron,140.00
Karhu Fusion 2.0 Butterfly,140.00
Karhu Fusion 2.0 Pale Banana,140.00
Karhu Fusion 2.0 Jet Black,140.00
Adidas UltraBoost LEGO,180.00
New Balance 577,180.00
Nike Air Max Pre-Day LX,130.00
Puma X NJR Wild Rider,110.00
Puma X Neymar JR Wild Rider,110.00
Puma Slipstream Lo The Never Worn,110.00
Puma Blaze of Glory TNW,140.00
Puma Suede Crepe Black,100.00
Puma Basket VTG Rudolf Dassler Legacy Laundry Boys,110.00
Puma Suede Pride,90.00
Jordan 1 Low Night Track,100.00
Nike Blazer Low '77 Prm,110.00
Asics Gel Quantum 180 Enhanced Tech,150.00
Asics HS4-S Gel Sonoma 15-50 GTX,150.00
Asics HS4-S Gel Sonoma 15-50 GTX,150.00
Asics Gel Lyte III OG,130.00
Asics Gel Lyte III OG,130.00
Saucony Shadow 6000 Pearl,160.00
Adidas Ultra4D,220.00
Adidas UltraBoost 5.0 DNA,180.00
Adidas UltraBOOST CC_1 DNA,180.00
Nike Air Max 90 NRG,150.00
Nike Air Max Plus II Black,180.00
Nike Air Force 1 React,130.00
New Balance 992,220.00
Nike Air Max Plus III,190.00
Nike Air Force 1,120.00
Nike Blazer Low '77,110.00
Jordan MA2,130.00
Le Coq Sportif LCS R1000 Safari,100.00
Le Coq Sportif LCS R1000 Turtle Dove,100.00
Le Coq Sportif LCS R1000 Oatmeal,100.00
Le Coq Sportif LCS R1000,100.00
Converse Chuck 70 High Top Plant Color,110.00
Converse Chuck 70 High Top Plant Color,110.00
New Balance 1300 Plaid,220.00
New Balance 1300,220.00
New Balance 1300,220.00
"Jordan MA2 ""Still Loading""",140.00
Jordan Delta Mid,160.00
Nike Air Force 1 Mid,140.00
Nike Air Force 1 Mem 4,120.00
Nike Air Max 95 Khaki,180.00
Jordan Delta 2 SE,140.00
Nike Air Presto Prm,140.00
Nike Air Max 95 SE,180.00
Nike Air Max 95 SE,180.00
Nike Blazer '77 Premium,110.00
Nike Blazer '77 Premium,110.00
Nike Blazer Mid '77 Premium,120.00
Nike Dunk Low Retro NN,120.00
Nike Blazer Mid '77 Jumbo,120.00
Nike Blazer Mid '77 Jumbo,120.00
Nike Air Force 1 Boot,190.00
Nike Air Max Plus SE,190.00
Nike Air Force 1 Experimental,155.00
Nike Air Force 1 '07 PRM,140.00
Nike Air Force 1 '07 LV8,130.00
Nike Air Force 1 '07 LV8,140.00
Nike Air Force 1 '07 LX,140.00
Nike Air Force 1 '07 LX,130.00
Nike Air Max Pre-Day Oatmeal,135.00
Nike Air Force 1 Boot,170.00
Nike NSW Free Remastered,120.00
Nike NSW Free Terra Vista,120.00
Jordan MA2,130.00
Nike Air Presto,120.00
Nike Air Force 1 Summit White,150.00
Nike Air Force 1 Off Noir,140.00
Jordan Series .03,80.00
Nike Air Vapormax 2021 FK Black,220.00
Nike Air Force 1 Luxe,160.00
Air Jordan 5 Retro W,200.00
Nike Blazer Mid '77 EMB,110.00
Nike Air Max Goaterra 2.0 Black,140.00
Nike Dunk Low Retro EMB,130.00
Nike Dunk High Retro SE,130.00
Nike Dunk High Retro SE,120.00
Nike Air Max 96 II Black,170.00
Nike Air Max Pre-Day Kumquat,130.00
Nike Air Max Pre-Day Black,130.00
Nike Air Vapormax 2021 FK,220.00
Nike Air Vapormax EVO Redstone,225.00
Nike Air Tuned Max Blue Void,170.00
Nike Air Tuned Max Cream II,170.00
Nike Air Max 90 Surplus Wolf Grey,150.00
Nike Air Max 90 Cool Grey,150.00
Nike Air Force 90 Malt,140.00
Nike Air Force 1 '07 LV8,130.00
Nike Air Force 1 High '07 LV8,130.00
Nike Air Max Goadome SE,180.00
Nike Blazer Low Medium Olive,95.00
Nike Air Force 1 Black,170.00
Nike Free Run Trail Concord,120.00
Jordan Delta 2,130.00
Nike SB Zoom Blazer Mid Lobster,100.00
Nike Free Run 2,110.00
Nike Blazer Low W Platform,115.00
Nike Air Huarache LE,130.00
Nike Blazer Mid '77 Jumbo,120.00
Nike Air Max 90 SE,150.00
Nike SB Zoom Blazer Mid Premium,110.00
Nike Waffle Trainer 2 SD,100.00
Nike Waffle Trainer 2 SD,100.00
Air Jordan 6 Retro,200.00
Nike Offline Pack,120.00
Nike SB Zoom Blazer Mid,110.00
Converse Chuck 70 Hi,110.00
Nike Air Max Plus III,180.00
Nike Waffle Trainer 2 SP Fireberry,100.00
Nike Waffle Trainer 2 SP Velvet Brown,100.00
Nike Overbreak SP,140.00
Nike Air Max 90 NRG,150.00
Nike Air Max Pre-Day,130.00
Nike Air Max Pre-Day,130.00
Nike Air Max 90 NRG,150.00
Nike SB Zoom Blazer Mid Edge,100.00
Filling Pieces Crease Runner Sprint,300.00
Puma Future Rider X Black Fives,100.00
Nike Pegasus Trail 2 Claystone Red,130.00
Nike Blazer Mid '77 Infinite,110.00
Le Coq Sportif Neree,130.00
Adidas ZX 5K Boost,160.00
Nike Air max 95 NDSTRKT,200.00
Nike Air Huarache,130.00
Nike Air Huarache LE,130.00
Nike Air Force 1 LUXE,150.00
Nike Waffle One,100.00
Nike Air Max 96 II,170.00
Nike Free Run Trail,120.00
Air Jordan 11 Retro Low IE,190.00
Nike Air Force 1 Photon Dust,140.00
Nike Space Hippie 01,130.00
Nike Dunk Low SE,130.00
Nike Blazer Mid '77 Orange,110.00
Nike Blazer Mid '77,110.00
Nike Air Force 1 '07 Craft,86.00
Nike Air Max 95 Sail,180.00
Nike Free Run Trail DK Riftwood,120.00
Nike Air Pegasus '83 Twine,100.00
Nike Air Force 1 Sea Glass,120.00
Nike Air Max 96 2 Black,170.00
Nike Free Run Trail Crater,130.00
Nike Air Max 96 II Midnight Navy,170.00
Nike Air Force 1 '07 LX,120.00
Nike Free Run 2,110.00
Karhu Fusion 2.0 India Ink,140.00
Nike Dunk Low Disrupt,120.00
Nike Daybreak,100.00
Converse X Horween Pro Leather Low Top,120.00
Converse X Horween Pro Leather Low Top,120.00
Nike Waffle Trainer 2 SP Midnight Navy,100.00
Nike Air Max Plus II,180.00
New Balance 1300 PR,220.00
New Balance 992 RR,220.00
Converse Retro Sherpa Star Player Low Top,95.00
Converse Retro Sherpa Star Player Low Top,95.00
Air Jordan 1 Hi Zoom Air,160.00
Nike Air Max 90 PRM Ashen Slate,150.00
Nike Air Force 1 Low Aquamarine,120.00
Nike Air Force 1 Low White,120.00
Nike Air Force 1 '07 PRM,130.00
Nike Space Hippie 01,130.00
Nike Air Huarache,120.00
Nike Air Max 90 SE Coconut Milk,150.00
Nike Air Structure Persian Violet,130.00
Air Jordan 7 Retro PSG,190.00
Nike Air Force 1 '07 LV8,120.00
Nike Air Force 1 '07 SE,110.00
Nike Air Force 1 '07 EMB,130.00
Nike Air Pegasus '83 Smoke Grey,100.00
Nike Air Tuned Max,170.00
Air Jordan 1 Low,100.00
Nike Free Run Trail Premium,130.00
Nike Air Force 1 Experimental,140.00
Nike Air Force 1 '07,150.00
Nike Challenger OG,90.00
Nike Free Run Trail,120.00
Nike Air Force 1 '07 Craft,130.00
Nike DBreak-Type,90.00
Nike Air Huarache NH,130.00
Nike Air Tuned Max,170.00
Nike Free Run Trail,120.00
Converse Twisted Plaid Skid Grid Low Top,80.00
Converse Twisted Plaid Skid Grid Low Top,80.00
New Balance 990 GL5,220.00
Adidas PW Climacool Vento,180.00
Filling Pieces Mondo Ripple Decon Black,220.00
Nike Air max 95 NDSTRKT,200.00
Nike Air Max 90 QS,160.00
Nike Air Force 1 NDSTRKT,140.00
Nike Air Max 95 Prm,180.00
Nike Air Max 97,180.00
Nike Air Force 1/1,130.00
Nike Air Huarache,130.00
Air Jordan 12 Retro Low SE,180.00
Nike Air Structure,150.00
Nike Air Max III,150.00
Nike Air Force 1 '07 Craft,120.00
Nike Air Force 1 '07 LV8,110.00
Nike DBreak Type SE,100.00
Nike Air Vapormax 2020 Flyknit,225.00
Nike DBreak Type SE,100.00
Nike Air Vapormax EVO,225.00
Nike Blazer Low Vintage '77,100.00
Nike Air Max 90,140.00
Nike Killshot OG,90.00
Nike Blazer Low,90.00
Nike Blazer Low,90.00
Nike Air Zoom Type,150.00
Nike Blazer Mid '77 Vintage,100.00
Nike Air Presto,120.00
Converse Chuck 70 Low Top Pride,90.00
Converse Chuck 70 High Top Stars And Stripes,95.00
Converse Chuck 70 Low Top Stars and Stripes,90.00
New Balance 327,100.00
Converse Chuck 70 Tie Dye Plaid,100.00
Converse Chuck 70 Hi Tie Dye Plaid,110.00
Converse Indigo Boro Chuck 70 Hi,100.00
Converse CTAS CX OX,85.00
Converse Chuck 70 GTX Hi,100.00
Converse Chuck 70 GTX Hi,100.00
Converse Chuck 70 Hi,90.00
Nike Air Force 1 '07 LV8,130.00
Adidas UltraBoost 4.0 DNA,160.00
Nike Killshot SP Dark Beetroot,90.00
Nike Killshot SP Coastal Blue,90.00
Nike Killshot SP Black,90.00
Nike Daybreak SP Neptune Green,100.00
Converse CT70 Twisted Resort,95.00
Nike Air Max 95 QS Greedy 2.0,180.00
Nike Air Force 1 Low Rucker Park,130.00
Nike Blazer SB Zoom Mid Edge,100.00
"Nike Wmns Air Max 1 ""Yours""",160.00
Nike DBreak-Type Wolf Grey,90.00
Nike Air Max 95 OG,180.00
Nike Air Force 1 GTX Boot Medium Olive,180.00
Nike Air Max Plus III Claystone Red,190.00
Nike Air Max 270 Vistascape Seaweed,170.00
Nike Blazer Mid'77 Grey,110.00
Nike Air Max 95,180.00
Nike Air Force 1 GTX,140.00
Nike Air Force 1 GTX,160.00
Nike Air Force 1 '07 LV8,130.00
Nike Air Max Plus III Leather,200.00
Nike Air Max Plus III Leather,190.00
Nike Blazer Mid '77 Vintage,100.00
Nike Daybreak SP Topaz Gold,100.00
Converse Pro Leather 1980's Pack,110.00
Vans Authentic Cherries Black,75.00
Converse Chuck 70 Archive Flames Low,90.00
Nike Air Max 2090 SP,150.00
Filling Pieces Low Plain Court 683 Organic Beige,206.83
Nike Air Max 98 On Air GS La Mezcla,180.00
Nike Blazer '77 Vintage Mantra Orange,100.00
Nike Air Max III Eggplant,150.00
Nike Blazer Mid '77 NRG Emb,110.00
Nike SB Zoom Blazer Mid Premium,100.00
Nike Air Max 90 SE,140.00
Nike Air Vapormax 2020 FK White,220.00
Nike Air Vapormax 2020 FK,220.00
Nike Daybreak Type N.354,100.00
Nike Air Force 1 '07 Iron Grey,110.00
Nike Air Max 95 NRG,180.00
Nike Air Vapormax 2020 FK Iron Grey,220.00
Nike Air Vapormax 2020 FK,220.00
Nike Air Max 95 CTRY,180.00
Nike Air Presto,130.00
Nike Blazer Low Leather Astronomy Blue,90.00
Nike Blazer Mid '77 Vintage Celestine Blue,110.00
Air Jordan 11 Retro Low IE,180.00
Converse Chuck 70's Gradient Rose Primaloft,100.00
Converse Chuck 70 Varsity,100.00
Converse Chuck 70 Varsity,100.00
Converse Star Player OX Logo Mash Up,90.00
Converse Pro Leather 1990's,100.00
Converse Pro Leather 1980's Pack,100.00
Nike Air Max 98 KM Bondy Dreams,170.00
Converse Chuck 70 OX Low,85.00
Nike Air Max 95 CTRY Korea,170.00
Air Jordan 7 Retro SE Hare 2.0,250.00
Nike Blazer Low Leather Laser Blue,90.00
Nike Blazer Low Leather Purple,90.00
Nike Blazer Low Leather White,90.00
Nike Air Max Plus III Black,180.00
Nike Air Force 1 Type Gum,120.00
Nike Air Presto South Korea,130.00
Air Jordan 1 Low,110.00
Converse Chuck 70 OX Low Fleece Lined,95.00
Converse One Star OX Camo Suede,110.00
Nike Air Max Plus,170.00
Nike Air Max Plus Decon Electro Orange,180.00
Converse X ASAP Nast Jack Purcell Chukka Mid,120.00
Converse Chuck 70 OX Pigalle,120.00
New Balance 1500 City Sunrise,180.00
Nike Air Vapormax 360,210.00
Nike Air Ghost Racer Track Red,120.00
Nike Drop Type LX,80.00
Converse Chuck 70 OX Flames,90.00
Converse X Neighborhood Jack Purcell,120.00
Converse Chuck 70 Neon Nights Low Top,95.00
Converse Chuck 70 Classic High Top Black,78.00
Converse Chuck 70 Classic High Top Parchment,95.00
Nike Air Force 1 Mid '07 WB Flax,130.00
Nike Blazer Mid '77 Vintage,110.00
Nike Air Vapormax Flyknit 3,210.00
Nike Air Max 95 Bleached Coral,170.00
"Converse Chuck 70 HI ""Pony Hair"" Green",110.00
Nike Air Max Deluxe Skepta,200.00
Adidas UltraBoost LTD 1.0 Cream,190.00
Nike React Element 87 Dusty Peach,160.00
Nike Air Max 95 Black Safari,190.00
Nike Air VaporMax Plus Black,215.00
Nike Air Max 97 White,180.00
Reebok Classic Leather Black Gum,90.00
Jordan MA2,130.00
Nike Air Max 1 Prm,180.00
New Balance 990v2,220.00
New Balance 997 SOA,220.00
Nike Air Force 1 '07 Midnight Navy,110.00
Asics Gel Nimbus 9,150.00
Nike Air Max Triax 96,130.00
Nike ACG Lowcate,120.00
Nike ACG Air Mada,140.00
Nike ACG Lowcate SE,120.00
Nike ACG Lowcate,120.00
Nike Air Trainer 1,130.00
Nike Air Force 1 React,140.00
Nike Blazer '77 Pro Club,110.00
Nike Air Kukini SE,140.00
Nike Air Kukini SE,140.00
Nike Air Force 1 Mid '07 LX,140.00
Nike ACG Lowcate,120.00
Nike Blazer Mid '77 Vintage,110.00
Nike Air More Uptempo '96,180.00
Adidas Oznova,130.00
